author,website
Beatrice Federici,https://research.tue.nl/en/persons/beatrice-federici/
Ben Luijten,https://scholar.google.com/citations?user=HCjubY0AAAAJ
Hans-Martin Schwab,https://scholar.google.com/citations?user=xvGuZgcAAAAJ
Hein de Hoop,https://scholar.google.com/citations?user=2BUjjCwAAAAJ
Marc van Sambeek,https://www.tue.nl/en/research/researchers/marc-van-sambeek
Oisín Nolan,https://scholar.google.com/citations?user=CcnvcSgAAAAJ
Richard Lopata,https://scholar.google.com/citations?user=cM39S9EAAAAJ
Ruud van Sloun,https://scholar.google.com/citations?user=gQQJgocAAAAJ
Simon Penninga,https://scholar.google.com/citations?user=BGexdN4AAAAJ
Tristan Stevens,https://scholar.google.com/citations?user=sRMbD9MAAAAJ
Vera van Hal,https://scholar.google.com/citations?user=zdfZ15UAAAAJ
Louis van Harten,https://scholar.google.com/citations?user=TuZIrdEAAAAJ
Vincent van der Schaft,https://scholar.google.com/citations?user=mEVwHx8AAAAJ
Wessel van Nierop,https://scholar.google.com/citations?user=ghSIGyQAAAAJ
Felix Duelmer,https://scholar.google.com/citations?user=jbpQlOIAAAAJ
Mohammad Farid Azampour,https://scholar.google.com/citations?user=MQcHEBsAAAAJ
Nassir Navab,https://scholar.google.com/citations?user=kzoVUPYAAAAJ
Andrew Andrzejek,https://med.stanford.edu/ultrasound/people/current.html
Arsenii V. Telichko,https://scholar.google.com/citations?user=0mqiaAIAAAAJ
Benjamin N. Frey,https://scholar.google.com/citations?user=wSkOizEAAAAJ
Brian Boitnott,https://scholar.google.com/citations?user=1QBnyf0AAAAJ
Caelia Thomas,https://med.stanford.edu/ultrasound/people/current.html
Dongwoon Hyun,https://scholar.google.com/citations?user=uM8atFMAAAAJ
Hoda Hashemi,https://scholar.google.com/citations?user=6uuIHXcAAAAJ
Jeremy Dahl,https://scholar.google.com/citations?user=rFso-zIAAAAJ
Jihye Baek,https://scholar.google.com/citations?user=kEOE4MwAAAAJ
Jun Hong Park,https://scholar.google.com/citations?user=8yk3Q5MAAAAJ
Louise Zhuang,https://med.stanford.edu/ultrasound/people/current.html
Rehman Ali,https://scholar.google.com/citations?user=1zeET6sAAAAJ
Thurston Brevett,https://profiles.stanford.edu/thurston-brevett
Ali Kight Mackanic,https://scholar.google.com/citations?user=LunlVwIAAAAJ
Ileana Pirozzi,https://bdml.stanford.edu/Profiles/IleanaPirozzi
Jocelyn Barker,
H. Arora,
Liam McHugh,
Pink McDowall,
Sofia Simon-Trench,
Yohannes Aklilu,
Alexander M. Bronstein,https://scholar.google.com/citations?user=lafKN0sAAAAJ
Dean Zadok,https://scholar.google.com/citations?user=eUW2DUEAAAAJ
Ortal Senouf,https://scholar.google.com/citations?user=zv_5eUsAAAAJ
Sanketh Vedula,https://scholar.google.com/citations?user=mHBeKqIAAAAJ
Hassan Rivaz,https://scholar.google.com/citations?user=FWDzqVUAAAAJ
Mostafa Sharifzadeh,https://scholar.google.com/citations?user=INehtjsAAAAJ
Geoffrey P. Luke,https://scholar.google.com/citations?user=PARsxKkAAAAJ
Shiru Wang,https://scholar.google.com/citations?user=kvSrvAoAAAAJ
Shuoqi Chen,
Yujia Wu,
Juan Verde,https://scholar.google.com/citations?user=oURFXAIAAAAJ
Oliver Zettinig,https://scholar.google.com/citations?user=5OC-r5wrH1MC
Rüdiger Göbl,https://scholar.google.com/citations?user=oruuYa4AAAAJ
Yixuan Wu,https://scholar.google.com/citations?user=Xm9ZnyUAAAAJ
E. Boctor,https://scholar.google.com/citations?user=17P8v9QAAAAJ
Hyeon-Min Bae,https://ee.kaist.ac.kr/en/professor/12311/
HyeonJik Lee,
Myeong-Gee Kim,https://scholar.google.com/citations?user=aB_xW-AAAAAJ
Seok-Hwan Oh,
Young-Min Kim,https://scholar.google.com/citations?user=P3f3yjYAAAAJ
Peter Pinto,https://scholar.google.com/citations?user=0Jt_LKUAAAAJ
Crystal Low,
Marwan Berrada-Sounni,
Mike Carley,
Noah Goldsmith,
Reza Kassayan,
Robert Mehranfar,
Russell J Fedewa,
Siena Gavin,
Alberto Botter,https://scholar.google.com/citations?user=AdWwfMMAAAAJ
Kristen Meiburger,https://scholar.google.com/citations?user=JrPiIPgAAAAJ
G. Bardoscia,
M. Boccardo,https://www.polito.it/en/staff?p=marta.boccardo
M. Carbonaro,https://scholar.google.com/citations?user=IU3FgQMvQHwC
G.L. Cerone,https://scholar.google.com/citations?user=FwuU65cAAAAJ
E. Cesti,https://www.polito.it/en/staff?p=elena.cesti
S. Seoni,https://scholar.google.com/citations?user=0P8CQMEAAAAJ
F. Truscello,
B.J. Raiteri,https://scholar.google.com/citations?user=cpujUhUAAAAJ
Alexis Leconte,https://scholar.google.com/citations?user=hVgTzKMAAAAJ
Brice Rauby,https://scholar.google.com/citations?user=b7KZuocAAAAJ
Nin Ghigo,
Paul Xing,https://scholar.google.com/citations?user=SFHcArIAAAAJ
Stephen A. Lee,https://scholar.google.com/citations?user=Nkx2OJkAAAAJ
L. Caron,
M. Gasse,https://scholar.google.com/citations?user=s7m9rikAAAAJ
O. Gulenko,
A. Malescot,
E. Martineau,
J. Porée,https://scholar.google.com/citations?user=BJLUR4MAAAAJ
G. Ramos-Palacios,https://scholar.google.com/citations?user=TUloyFsAAAAJ
R. L. Rungta,https://scholar.google.com/citations?user=TmXMpDoAAAAJ
A. F. Sadikot,https://scholar.google.com/citations?user=w8DjRIcAAAAJ
A. Wu,https://scholar.google.com/citations?user=TqEdzz8AAAAJ
Jean Provost,https://scholar.google.com/citations?user=3ga4SSoAAAAJ
Aitana Waelbroeck,
Arthur Chavignon,https://scholar.google.com/citations?user=Fc5un5YAAAAJ
Carl Ferlay,
Maxence Reberol,https://scholar.google.com/citations?user=YD7PuGsAAAAJ
Vincent Hingot,https://scholar.google.com/citations?user=uiRpS3YAAAAJ
Hyuk-Sool Kwon,https://scholar.google.com/citations?user=BxB-WmQAAAAJ
Rickard Loftman,
Ismayil Guracar,https://scholar.google.com/citations?user=YieVZrAAAAAJ
Jane Bucholz,
Craig Williams,
Tal Grutman,https://scholar.google.com/citations?user=Jp-Ot-IAAAAJ
Tali Ilovitsh,https://scholar.google.com/citations?user=o5snwpMAAAAJ
Hamid Moradi,https://scholar.google.com/citations?user=gV5LQhMAAAAJ
Michael Frew,
Mohammad Honarvar,https://scholar.google.com/citations?user=f5ZiW4cAAAAJ
Patrick Boyan Chen,
Qi Zeng,https://scholar.google.com/citations?user=4ObQ92QAAAAJ
Robert Rohling,https://scholar.google.com/citations?user=_KwSTGIAAAAJ
Septimiu E. Salcudean,https://scholar.google.com/citations?user=kpp_A9wAAAAJ
Tajwar Abrar Aleef,https://scholar.google.com/citations?user=MhZ_pv8AAAAJ
Wanwen Chen,https://scholar.google.com/citations?user=jS9csA4AAAAJ
Yu Chung Lee,https://scholar.google.com/citations?user=cqNYVL4AAAAJ
Yuxin Chen,
Zijian Wu,https://scholar.google.com/citations?user=yx_dz7oAAAAJ
Zongze Li,https://scholar.google.com/citations?user=7Ex2_GgAAAAJ
Philippe C. Cattin,https://scholar.google.com/citations?user=pO9ggmcAAAAJ
Sidaty El Hadramy,https://scholar.google.com/citations?user=ThzUNksAAAAJ
Anet Sanchez Perez,
Nick Bottenus,https://scholar.google.com/citations?user=j67iR84AAAAJ
Francisco Santibanez,https://scholar.google.com/citations?user=7HyPGTYAAAAJ
Gianmarco Pinton,https://scholar.google.com/citations?user=g4lsbqMAAAAJ
Masashi Sode,https://scholar.google.com/citations?user=ogWSCmsAAAAJ
Oleksii Ostras,
Peng Jin,https://scholar.google.com/citations?user=Q1OwDyAAAAAJ
Youzuo Lin,https://scholar.google.com/citations?user=CMXuHYgAAAAJ
Y. Feng,https://scholar.google.com/citations?user=LySxJYUAAAAJ
S. Feng,https://scholar.google.com/citations?user=m304bMcAAAAJ
B. Turkbey,https://scholar.google.com/citations?user=XiMbUboAAAAJ
H. Wang,https://scholar.google.com/citations?user=laVu-TEAAAAJ
B. J. Wood,https://scholar.google.com/citations?user=5hOjrW8AAAAJ
L. Zhang,
S. Luo,https://scholar.google.com/citations?user=oJk3bgIAAAAJ
J. Wiskin,https://scholar.google.com/citations?user=PCWMZ0AAAAAJ
Andreas Austeng,https://scholar.google.com/citations?user=hqtB6FAAAAAJ
Ole Marius Hoel Rindal,https://scholar.google.com/citations?user=YUXh2GgAAAAJ
Sven Peter Näsholm,https://scholar.google.com/citations?user=abRT8qEAAAAJ
Yücel Karabiyik,https://www.mn.uio.no/ifi/english/people/aca/yucelk/
David Bustamante,https://scholar.google.com/citations?user=S87EOVkAAAAJ
Hossein Raeis,
Mohammad Mehrmohammadi,https://scholar.google.com/citations?user=nhPzu8YAAAAJ
Anass Hameddine,https://people.utwente.nl/a.hameddine
Guillaume Lajoinie,https://scholar.google.com/citations?user=wb4OduMAAAAJ
Hermen de Roo,https://research.utwente.nl/en/persons/hermen-de-roo
Michel Versluis,https://scholar.google.com/citations?user=nymKd0IAAAAJ
Rienk Zorgdrager,https://people.utwente.nl/r.c.zorgdrager
Adrian J.Y. Chee,
Alfred C. H. Yu,https://scholar.google.com/citations?user=LRUenAcAAAAJ
Di Xiao,https://scholar.google.com/citations?user=hn4kqc0AAAAJ
Eudoxia Zafiris,
Hassan Nahas,https://scholar.google.com/citations?user=azqGbdQAAAAJ
Jason S. Au,https://scholar.google.com/citations?user=ihjqtb0AAAAJ
Jason Y. -H. Hsu,
Jeremy Cohen,https://scholar.google.com/citations?user=i6GMaRAAAAAJ
Marina Mourtzakis,https://uwaterloo.ca/kinesiology-health-sciences/profiles/marina-mourtzakis
Pat de la Torre,https://scholar.google.com/citations?user=_Scew9gAAAAJ
Skye Ling,
Theresa Gu,
Marcin Lewandowski,
Piotr Jarosik,https://scholar.google.com/citations?user=SSTSozgAAAAJ
Piotr Karwat,
Ziemowit Klimonda,https://www.ippt.pan.pl/en/staff/?osoba=zklim
Brett Byram,https://scholar.google.com/citations?user=1c3tIEkAAAAJ
Christopher Khan,https://www.vanderbilt.edu/vise/people/christopher-khan/
Ying-Chun (Preston) Pan,https://www.vanderbilt.edu/valiant/person/ying-chun/
Zoe Marshall,
Shangke Liu,https://scholar.google.com/citations?user=5AfYwIQAAAAJ
Tipu Sultan,https://scholar.google.com/citations?user=JdsN7TsAAAAJ
Cameron Hoerig,https://scholar.google.com/citations?user=ItHz1TMAAAAJ
Jonathan Mamou,https://scholar.google.com/citations?user=0K14yPEAAAAJ
Yonina C. Eldar,https://scholar.google.com/citations?user=vyX6kpwAAAAJ
Adi Wegerhoff,
Ditza Auerbach,
Gregory S. Fischer,https://scholar.google.com/citations?user=N00MU6AAAAAJ
Haichong K. Zhang,https://scholar.google.com/citations?user=8HTrAP4AAAAJ
Ryo Murakami,https://scholar.google.com/citations?user=dm6J8rUAAAAJ
Ryosuke Tsumura,https://scholar.google.com/citations?user=bekMFnwAAAAJ
Shun Katayose,
Xihan Ma,https://scholar.google.com/citations?user=4brJi0QAAAAJ
Yang Wang,https://scholar.google.com/citations?user=HHjIwckAAAAJ
Yichuan Tang,https://scholar.google.com/citations?user=0_e6cooAAAAJ
Walter Simson,https://scholar.google.com/citations?user=W-iGhu4AAAAJ
Mahdi Azizian,https://scholar.google.com/citations?user=-1i9yccAAAAJ
Sean Huver,https://scholar.google.com/citations?user=kl4jZpAAAAAJ
