affiliation,institution
Eindhoven University of Technology,Eindhoven University of Technology
Technical University of Munich,Technical University of Munich
Stanford University,Stanford University
Mosaic Intelligence,Mosaic Intelligence Labs
Technion – Israel Institute of Technology,Technion – Israel Institute of Technology
Concordia University,Concordia University
Dartmouth College,Dartmouth College
IHU Strasbourg,IHU Strasbourg
ImFusion,ImFusion
Johns Hopkins University,Johns Hopkins University
KAIST,KAIST
Barreleye Inc.,Barreleye Inc.
National Institutes of Health,National Institutes of Health
NuevoSono,NuevoSono
Politecnico di Torino,Politecnico di Torino
Ruhr University Bochum,Ruhr University Bochum
Polytechnique Montréal,Polytechnique Montréal
Mila,Mila
Resolve Stroke,Resolve Stroke
Seoul National University Bundang Hospital,Seoul National University Bundang Hospital
Siemens Healthineers,Siemens Healthineers
"School of Biomedical Engineering, Tel-Aviv University",Tel Aviv University
The University of British Columbia,University of British Columbia
University of Basel,University of Basel
University of Colorado Boulder,University of Colorado Boulder
University of North Carolina at Chapel Hill,University of North Carolina at Chapel Hill
Iowa State University,Iowa State University
"QT Imaging, Inc.","QT Imaging, Inc."
"University of Oslo (UiO), Norway",University of Oslo
University of Rochester,University of Rochester Medical Center
University of Twente,University of Twente
University of Waterloo,University of Waterloo
us4us Ltd.,us4us Ltd.
Vanderbilt University,Vanderbilt University
Weill Cornell Medicine,Weill Cornell Medicine
"SAMPL LAB, Weizmann Institute of Science",Weizmann Institute of Science
Worcester Polytechnic Institute,Worcester Polytechnic Institute
NVIDIA,NVIDIA Corporation
